{"episode_rewards": [1002.0, 235.0, 172.0, 176.0, 181.0, 174.0, 211.0, 190.0, 203.0, 231.0, 208.0, 186.0, 199.0, 378.0, 1002.0], "mean": 316.53333333333336, "std": 273.18683879149245}