{"episode_rewards": [136.0, 157.0, 131.0, 137.0, 175.0, 160.0, 168.0, 180.0, 230.0, 157.0, 131.0, 182.0, 157.0, 164.0, 178.0], "mean": 162.86666666666667, "std": 24.635656182768006}