{"episode_rewards": [287.0, 292.0, 308.0, 222.0, 531.0, 278.0, 241.0, 601.0, 332.0, 267.0, 277.0, 428.0, 427.0, 275.0, 539.0], "mean": 353.6666666666667, "std": 116.6211339718873}