{"episode_rewards": [10.0, 8.0, 12.0, 11.0, 12.0, 9.0, 11.0, 9.0, 10.0, 9.0, 11.0, 12.0, 11.0, 11.0, 11.0], "mean": 10.466666666666667, "std": 1.2036980056845192}