{"episode_rewards": [378.0, 265.0, 543.0, 255.0, 244.0, 632.0, 401.0, 327.0, 244.0, 304.0, 262.0, 313.0, 235.0, 322.0, 260.0], "mean": 332.3333333333333, "std": 111.97182185214676}