{"episode_rewards": [150.0, 136.0, 192.0, 132.0, 135.0, 248.0, 133.0, 132.0, 129.0, 165.0, 128.0, 162.0, 180.0, 209.0, 161.0], "mean": 159.46666666666667, "std": 33.84054110415822}