{"episode_rewards": [156.0, 167.0, 152.0, 157.0, 153.0, 161.0, 156.0, 166.0, 154.0, 155.0, 176.0, 159.0, 156.0, 162.0, 169.0], "mean": 159.93333333333334, "std": 6.627887211539502}