{"episode_rewards": [394.0, 106.0, 111.0, 107.0, 104.0, 420.0, 419.0, 457.0, 109.0, 109.0, 105.0, 109.0, 109.0, 110.0, 542.0], "mean": 220.73333333333332, "std": 162.36439127947838}