{"episode_rewards": [276.0, 312.0, 202.0, 313.0, 178.0, 165.0, 189.0, 218.0, 163.0, 186.0, 202.0, 457.0, 210.0, 175.0, 182.0], "mean": 228.53333333333333, "std": 77.33120686731557}