{"episode_rewards": [853.567953667935, -92.8797833935008, 295.32483660130606, 900.5999999999818, -92.98256227757906, -94.4342776203955, -92.85362318840478, -93.54262295081863, -92.719926199261, -93.22714776632199, -94.18284023668531, -93.54262295081863, 339.58871595330663, -93.49933993399236, 856.5929133858144], "mean": 154.1206448727044, "std": 383.5677247304494, "history length": 5}