{"episode_rewards": [872.9639730639547, 838.0107491856475, 451.51290322579337, 487.14832214763715, 903.8999999999893, 490.1777777777636, 733.233333333319, 676.2157894736681, 218.35238095237904, 915.199999999983, 526.0127596439046, 863.35514950165, 340.37619047617693, 243.95144694532635, 665.6342657342503], "mean": 615.0696694307629, "std": 232.21125204028547, "history length": 1}