{"episode_rewards": [605.3794520547804, 907.9999999999852, 902.9999999999798, 477.6027027026876, 919.199999999985, 235.66642335765374, 841.43846153845, 443.18358208954925, 432.7719723183251, 903.8999999999832, 520.2703703703562, 906.1999999999805, 330.0075268817045, 886.0591695501616, 566.5666666666526], "mean": 658.616421835349, "std": 237.1968980754029, "history length": 3}