{"episode_rewards": [-92.85362318840478, -93.10699300699198, -93.36599326599223, -93.05774647887222, -93.0328621908117, -92.7470588235284, -93.73057324840659, -93.66913183279638, -94.83684210526204, -92.46641221373947, -93.49933993399236, 401.69211469533025, -93.5210526315779, -92.49543726235643, -93.58534201954294], "mean": -60.28508623379635, "std": 123.46991483594319, "history length": 1}