{"episode_rewards": [787.58115942028, 901.1999999999816, 691.4309446253919, 779.0208791208672, 600.7797653958813, 703.1786885245776, 703.6974683544204, 641.9382165604931, 659.7566308243607, 728.9909090908956, 633.2333333333225, 756.0151079136521, 597.2293768545885, 713.6931034482608, 646.4277777777645], "mean": 702.9448907496492, "std": 77.99739718564176, "history length": 5}