{"episode_rewards": [-93.45548172757371, -92.63731343283483, -92.90575539568243, 314.37368421052514, -93.94615384615278, 425.0798561151036, -93.27406143344606, 460.5060606060577, -93.25068493150582, -93.17958477508549, -93.94615384615278, 902.9999999999875, -93.34324324324221, -93.22714776632199, 371.3285714285687], "mean": 102.7415061308163, "std": 302.6138856533551, "history length": 5}