{"episode_rewards": [382.1006472491748, 349.5124031007706, 359.274999999987, 40.187769784175835, 203.41437699680904, 806.2670411984885, 541.8354838709542, 378.5885245901488, 193.2753943217715, 443.2333333333167, 479.78165680472085, 86.27992831541712, 223.9418118466842, 687.0485943774951, 690.7745247148098], "mean": 391.0344327003149, "std": 216.70169771208379, "history length": 3}