{"episode_rewards": [874.9889679715151, 822.6941176470424, 912.7999999999914, 635.7490566037551, 209.34625407165933, 903.5999999999841, 902.1999999999799, 893.5305732483855, 911.1999999999833, 569.8999999999841, 903.2999999999811, 689.185714285697, 76.57844522968685, 779.498662207341, 825.575675675656], "mean": 727.3431644627094, "std": 252.73547066962328, "history length": 3}