{"episode_rewards": [472.39070631968656, 375.0552795030905, 867.8487179487016, 353.6572254335112, 334.5405228758039, 462.86296296294563, 796.1962962962789, 762.1047244094372, 316.04906832296774, 605.5737588652333, 792.6335640138286, 660.5557377049038, 532.1580645161168, 511.0111111110941, 287.35387453873483], "mean": 541.9994409881556, "std": 188.7856368226168, "history length": 3}