{"episode_rewards": [815.9839160839028, 903.4999999999812, 657.47575757574, 693.233333333322, 667.4840978593134, 801.5393442622818, 838.7489208632921, 796.9588235293953, 709.899999999989, 735.0254480286592, 752.1727272727125, 820.477617328511, 712.8032258064424, 787.5811594202792, 668.1926829268152], "mean": 757.4051369527093, "std": 70.57662484285983, "history length": 1}