{"episode_rewards": [330.0075268817094, -93.56405228758065, -93.90804953560264, -92.95714285714185, -94.03939393939287, -93.17958477508549, -93.58534201954294, -93.5210526315779, -92.85362318840478, -92.03548387096677, -93.98379204892859, -92.77399267399167, -94.16528189910872, -92.22598425196753, -92.90575539568243], "mean": -65.0460669662177, "std": 105.58435489627736, "history length": 1}