{"episode_rewards": [434.55346534652074, 900.3999999999816, 506.91754385963225, 547.8750778816058, 701.2245033112481, 402.9487804877932, 783.3951456310526, 734.9168350168169, 854.7611111110921, 917.5999999999873, 666.6844522968061, 651.5129032257943, 660.1739726027233, 810.6142857142678, 905.0999999999821], "mean": 698.5785384323535, "std": 162.90666690161504, "history length": 1}