{"episode_rewards": [918.6999999999902, 904.9999999999849, 916.6999999999922, 905.6999999999899, 593.0407942238118, 893.3853420195227, 748.665432098748, 842.3460431654485, 565.4737704917881, 710.7974358974237, 769.3679536679371, 915.6999999999849, 921.4999999999924, 901.8999999999894, 890.2536977491792], "mean": 826.5686979542521, "std": 117.15375837417352, "history length": 5}