{"episode_rewards": [770.9801393728085, 878.6234042553054, 717.729457364331, 727.6027027026878, 775.3325259515472, 658.5206896551574, 666.4505226480716, 820.4776173285102, 548.5486486486378, 612.0661721068143, 798.8547038327378, 672.78135593219, 745.0178451178303, 665.3723127035674, 686.7852459016275], "mean": 716.3428895681216, "std": 82.31388265190637, "history length": 5}