{"episode_rewards": [726.1411347517649, 544.7275862068883, 702.6681660899544, 834.4454545454386, 493.17217125381666, 793.37079037799, 647.3048442906479, 576.4799256505494, 903.5999999999824, 823.8130434782523, 692.287543252589, 750.5493506493348, 649.0166077738427, 724.4614035087565, 745.5375838926018], "mean": 707.1717070481606, "std": 108.41359390428899, "history length": 1}