{"episode_rewards": [893.2554817275635, 723.088405797083, 362.2655913978333, 436.7098159509063, 882.6586206896371, 275.83984962404384, 799.8999999999819, 907.9999999999847, 773.417786561252, 911.7999999999904, 360.5060606060449, 913.5999999999841, 906.3999999999827, 859.2220338982899, 882.1064056939356], "mean": 725.918003463101, "std": 229.48591011783762, "history length": 5}