{"episode_rewards": [65.41724137931527, 902.2999999999807, 860.614285714268, 549.5598639455652, 574.5575342465604, 399.8999999999857, 515.7940397350889, 696.3285714285543, 745.537583892601, 439.48944281523575, 471.78498402554413, 682.9508474576115, 370.0986754966751, 238.60967741934513, 52.073913043482264], "mean": 504.33444403998755, "std": 247.83758906742744, "history length": 5}