{"episode_rewards": [634.8823321554638, 314.2302180685233, 647.2309608540799, 607.5923076922968, 559.5385542168563, 771.1121212121051, 633.2333333333219, 539.7601398601278, 668.3210526315629, 672.6272727272602, 695.6746478873098, 614.6651006711285, -92.52424242424144, 265.28461538461613, 709.899999999989], "mean": 549.4352276180266, "std": 216.86874776096946, "history length": 3}