{"episode_rewards": [-93.4333333333323, 783.3586466165236, 683.4051546391611, 701.3184397162998, 755.4956678700245, 267.3698795180599, -93.88881987577534, -93.1313588850164, 717.2076923076788, 883.8357429718749, 804.6619047618941, 871.4302491103059, 870.1970297029604, 802.7776978417089, 716.6701863353877], "mean": 571.8183186198505, "std": 360.9350637744764, "history length": 3}