{"episode_rewards": [905.999999999988, 811.8718309858973, 796.6971530248976, -93.94615384615278, 879.7657718120626, -93.08245614034986, 117.29130434782637, 804.3368600682402, 443.30836012860277, 643.5708860759388, 603.3220532319223, 902.3999999999809, -93.38859060402581, 826.215789473667, 710.1893890675095], "mean": 544.3034798417335, "std": 374.84655507552964, "history length": 3}