{"episode_rewards": [-93.2972789115636, 884.8056603773463, 902.1999999999832, -93.41103678929662, 916.4999999999827, 871.5981132075277, -93.0328621908117, 867.4090252707477, 919.0999999999907, 339.39044585985687, -93.10699300699198, 800.6092198581426, 559.6014925373009, 760.3651162790572, -92.85362318840478], "mean": 490.3918186201912, "std": 437.9671503135175, "history length": 1}