{"episode_rewards": [883.7709677419246, 854.5925566342873, 546.5666666666501, 910.4999999999893, 496.4517241379141, 913.7999999999835, 841.4384615384496, 353.1374100719269, 916.5999999999898, 546.5431095406216, 923.8999999999866, 916.999999999993, 917.4999999999893, -69.15457227138619, 779.6468354430261], "mean": 715.4862106335563, "std": 278.366613312302, "history length": 3}