{"episode_rewards": [803.5544850498228, -93.36599326599223, 801.2157894736696, 712.3999999999887, 901.6999999999833, 478.02499999999145, 649.0289198606173, 608.8041095890316, 652.7409090908963, 879.8196787148478, 724.2727598566181, 734.4323741007075, 902.3999999999891, 797.3358974358865, 900.5999999999817], "mean": 696.864261993736, "std": 241.97772027853873, "history length": 1}