{"episode_rewards": [437.3149659863804, 595.1662721893342, 247.72608695650993, 647.3402730375241, 652.5881720429967, 906.9999999999835, 612.6659574467943, 639.7648648648488, 825.2731343283405, 821.0469534050028, 868.2794466403041, 689.0373801916793, 374.9830564783903, 602.8411764705762, 322.850819672117], "mean": 616.2585706473855, "std": 192.28147579588835, "history length": 5}