{"episode_rewards": [339.76254295531373, 337.1759856630682, 221.81780821917346, 405.2380782918046, 214.44005934718047, 505.847955390321, 173.99638554217387, 301.2605442176725, 237.97829181493884, 305.12875816992187, 357.0428571428445, 510.6594936708707, 291.9863309352367, 289.3736842105111, 235.4704697986511], "mean": 315.1452830246455, "std": 95.96103932586064, "history length": 1}