{"episode_rewards": [61.0615384615391, 460.8756097560837, 198.14561403509188, 536.8230769230647, 276.24408602149236, 506.2829787233908, 186.44970760234386, 396.2768115941896, 182.57477203647937, 250.77719298244497, 704.9541516245364, 270.6865168539221, 372.0311475409698, 197.97692307692796, 536.9106761565706], "mean": 342.53805355926977, "std": 171.33830609808763, "history length": 1}