{"episode_rewards": [810.2942652329606, 700.6117437722298, 711.9567375886401, 697.8797979797826, 653.0645569620139, 498.56220735784837, 791.2857677902501, 741.0552346570296, 603.603703703689, 211.62839506172975, 833.4548172757363, 530.6692307692215, -93.98379204892859, 841.7181818181651, 482.48258258257675], "mean": 600.9522287001962, "std": 246.31210376403024, "history length": 3}