{"episode_rewards": [796.5789667896554, 882.8931972789, 725.7258258258099, 917.2999999999887, 81.81413427561924, 812.651677852331, 911.7999999999826, 842.7571428571247, 900.2999999999782, 866.0016949152384, 915.6999999999908, 362.1641509433799, 891.8999999999834, 886.7421052631414, 889.0696750902426], "mean": 778.8932380727578, "std": 229.9508871951905, "history length": 5}