{"episode_rewards": [870.70291970801, 474.03249211354796, 828.201886792439, 878.7732394366004, 839.6163120567235, 781.1499999999859, 911.7999999999834, 456.60103092782174, 835.7108108107913, 740.5374501991894, 738.6096774193393, 889.2238434163555, 768.5868686868506, 853.6037037036851, 810.4960264900548], "mean": 778.509750784092, "std": 132.71139725312776, "history length": 1}