{"episode_rewards": [816.8811320754611, 406.7027210884226, 798.4074626865521, 907.8999999999849, 594.4337620578625, 885.962717770019, 913.7999999999896, 868.4314685314515, 553.7461538461408, 913.9999999999854, 896.3912280701569, 908.0999999999848, 908.8999999999866, 808.9909090908917, 901.199999999983], "mean": 805.5898370144581, "std": 152.80045139133543}