{"number_episodes": 11, "episode_rewards": [914.6999999999848, 905.4999999999851, 919.2999999999854, 908.7999999999831, 920.0999999999909, 922.6999999999896, 910.1999999999852, 920.1999999999907, 918.2999999999943, 924.499999999986, 919.5999999999864], "mean_all_episodes": 916.718181818169, "std_all_episodes": 5.819062433358609}