{"number_episodes": 1, "episode_rewards": [914.6999999999848], "mean_all_episodes": 914.6999999999848, "std_all_episodes": 0.0}