{"number_episodes": 2, "episode_rewards": [914.6999999999848, 905.4999999999851], "mean_all_episodes": 910.0999999999849, "std_all_episodes": 4.599999999999852}