{"number_episodes": 6, "episode_rewards": [914.6999999999848, 905.4999999999851, 919.2999999999854, 908.7999999999831, 920.0999999999909, 922.6999999999896], "mean_all_episodes": 915.1833333333199, "std_all_episodes": 6.223186929185157}