{"number_episodes": 3, "episode_rewards": [914.6999999999848, 905.4999999999851, 919.2999999999854], "mean_all_episodes": 913.1666666666518, "std_all_episodes": 5.737207993053455}