{"number_episodes": 8, "episode_rewards": [914.6999999999848, 905.4999999999851, 919.2999999999854, 908.7999999999831, 920.0999999999909, 922.6999999999896, 910.1999999999852, 920.1999999999907], "mean_all_episodes": 915.1874999999868, "std_all_episodes": 5.941051569379452}