{"number_episodes": 22, "episode_rewards": [914.6999999999848, 905.4999999999851, 919.2999999999854, 908.7999999999831, 920.0999999999909, 922.6999999999896, 910.1999999999852, 920.1999999999907, 918.2999999999943, 924.499999999986, 919.5999999999864, 916.2999999999894, 913.1999999999803, 907.1999999999881, 848.2999999999663, 903.7999999999842, 916.699999999992, 908.0999999999915, 904.699999999985, 924.8999999999952, 899.7999999999896, 918.6999999999892], "mean_all_episodes": 911.1636363636233, "std_all_episodes": 15.404531371547879}