{"number_episodes": 4, "episode_rewards": [914.6999999999848, 905.4999999999851, 919.2999999999854, 908.7999999999831], "mean_all_episodes": 912.0749999999846, "std_all_episodes": 5.3161898950285735}