{"episode_rewards": [914.1999999999881, -93.41103678929662, 855.2903345724753, -92.55283018867826, 818.2006535947515, -92.719926199261, 827.7996865203569, 826.6515923566685, 749.8999999999851, 889.9990099009796, 857.1368421052473, 914.6999999999841, 900.2999999999886, -93.64838709677315, 907.5999999999832], "mean": 605.9630625850933, "std": 423.6521049832729}