{"number_episodes": 5, "episode_rewards": [914.6999999999848, 905.4999999999851, 919.2999999999854, 908.7999999999831, 920.0999999999909], "mean_all_episodes": 913.679999999986, "std_all_episodes": 5.737037563065049}