{"episode_rewards": [8.0, 9.0, 9.0, 8.0, 9.0, 10.0, 10.0, 11.0, 22.0, 9.0, 9.0, 9.0, 9.0, 10.0, 9.0], "mean": 10.066666666666666, "std": 3.2754982657435323}