{"episode_rewards": [70.0, 107.0, 17.0, 56.0, 80.0, 22.0, 19.0, 178.0, 95.0, 13.0, 77.0, 63.0, 19.0, 78.0, 94.0], "mean": 65.86666666666666, "std": 43.20473225109593}