{"episode_rewards": [12.0, 11.0, 11.0, 15.0, 24.0, 10.0, 31.0, 13.0, 20.0, 10.0, 22.0, 24.0, 12.0, 10.0, 16.0], "mean": 16.066666666666666, "std": 6.350503042191924}