{"episode_rewards": [13.0, 14.0, 12.0, 12.0, 10.0, 11.0, 10.0, 9.0, 11.0, 15.0, 13.0, 13.0, 13.0, 11.0, 15.0], "mean": 12.133333333333333, "std": 1.746106780494506}