{"episode_rewards": [12.0, 14.0, 10.0, 9.0, 9.0, 11.0, 10.0, 11.0, 11.0, 10.0, 10.0, 12.0, 10.0, 10.0, 12.0], "mean": 10.733333333333333, "std": 1.2892719737209144}